snapshot,question_id,answer,gt,correct
28,43,E,B,False
55,224,A,A,True
75,493,D,D,True
75,583,E,E,True
77,22,E,E,True
81,722,D,C,False
86,267,A,C,False
97,288,A,D,False
97,375,B,B,True
102,107,A,A,True
103,7,D,D,True
103,410,E,E,True
107,670,C,C,True
111,18,D,D,True
111,54,C,A,False
116,120,E,E,True
118,599,B,B,True
126,683,D,C,False
126,1114,E,E,True
127,1024,E,E,True
131,72,A,A,True
132,827,C,C,True
135,730,C,A,False
148,566,C,C,True
150,135,B,A,False
151,995,A,A,True
152,1405,D,D,True
155,677,A,E,False
157,954,C,A,False
157,1250,B,B,True
160,631,C,C,True
167,1325,E,E,True
167,1490,B,B,True
169,1246,D,D,True
170,133,B,B,True
170,144,A,A,True
177,1380,B,B,True
179,1100,B,B,True
181,1625,A,A,True
182,449,B,B,True
183,1347,B,B,True
184,1131,B,A,False
188,492,C,E,False
188,750,A,A,True
191,205,C,C,True
195,39,B,D,False
195,1600,A,D,False
196,1497,D,D,True
198,1348,B,E,False
203,1622,E,E,True
204,1141,E,B,False
209,292,B,A,False
209,1772,C,A,False
211,1542,C,C,True
216,2136,B,E,False
219,191,E,E,True
219,367,B,D,False
219,1521,D,E,False
222,1729,C,C,True
223,534,A,A,True
226,85,E,E,True
227,1803,B,A,False
228,294,A,E,False
232,302,C,A,False
238,1361,E,E,True
240,1732,A,D,False
241,1722,E,E,True
245,1393,D,A,False
248,1121,E,E,True
251,830,A,A,True
256,1129,C,C,True
256,1559,D,D,True
258,2064,D,B,False
259,1691,B,D,False
261,1140,C,C,True
265,1257,A,A,True
267,2605,D,E,False
268,1021,A,A,True
271,250,E,A,False
271,2176,C,C,True
273,2677,E,E,True
274,16,E,E,True
274,2779,A,E,False
275,2236,B,D,False
276,777,D,D,True
276,1395,B,B,True
279,674,E,E,True
280,148,A,E,False
287,241,A,A,True
287,906,E,E,True
287,1168,D,D,True
288,2831,C,C,True
290,1786,E,E,True
291,2557,C,C,True
292,842,C,E,False
292,2115,C,B,False
293,434,D,D,True
296,975,B,B,True
298,2012,A,C,False
299,2522,A,D,False
304,587,C,D,False
305,819,B,B,True
306,195,A,A,True
306,2659,B,D,False
307,1594,B,C,False
307,1892,E,E,True
308,934,C,C,True
310,894,A,A,True
310,2088,B,B,True
311,1888,A,C,False
312,301,C,C,True
312,911,E,E,True
312,1367,B,B,True
313,1756,C,D,False
313,1837,C,C,True
314,2808,C,C,True
318,2059,C,E,False
319,164,A,E,False
321,2071,C,C,True
322,2783,C,C,True
323,967,C,D,False
323,2092,C,C,True
326,2135,C,E,False
328,595,E,E,True
329,1639,E,E,True
330,145,A,A,True
330,2311,E,C,False
330,2750,A,A,True
330,2863,D,D,True
331,536,A,C,False
332,1271,A,B,False
332,1940,B,B,True
333,2361,A,A,True
334,1518,A,A,True
335,664,B,B,True
335,2575,E,E,True
336,1598,E,E,True
336,3178,E,E,True
338,940,C,C,True
340,3305,B,B,True
341,2469,A,B,False
341,2916,C,C,True
343,97,D,D,True
343,752,B,B,True
345,2145,A,A,True
346,223,C,B,False
346,1723,C,D,False
346,2219,D,B,False
346,3146,C,C,True
347,3425,A,D,False
348,899,C,C,True
349,3261,B,B,True
351,14,B,B,True
351,2231,B,B,True
352,2001,C,E,False
353,1349,D,E,False
353,2283,A,E,False
355,1375,E,C,False
355,3513,C,C,True
356,3223,E,E,True
356,3322,B,B,True
358,1238,B,B,True
358,1480,A,A,True
358,1656,B,B,True
358,2588,C,C,True
358,2741,E,A,False
359,487,E,E,True
359,974,C,C,True
360,3306,B,B,True
361,858,C,C,True
361,1961,B,B,True
361,2009,E,A,False
361,3082,D,D,True
361,3315,C,C,True
362,2396,E,E,True
363,3478,A,B,False
364,2661,A,A,True
364,3180,B,B,True
365,891,B,B,True
366,1410,E,E,True
366,3342,D,D,True
366,3362,C,C,True
367,150,E,E,True
367,2938,D,E,False
367,3283,A,A,True
370,443,B,B,True
370,1391,B,B,True
371,1998,B,B,True
376,576,A,E,False
376,3676,A,A,True
377,121,D,D,True
377,1873,C,A,False
377,3533,A,D,False
379,2357,E,E,True
379,2556,B,B,True
379,2843,B,B,True
379,3431,D,D,True
379,3557,E,E,True
380,3137,B,B,True
381,252,E,A,False
381,2742,C,C,True
382,2995,A,A,True
382,3293,A,A,True
383,1566,B,B,True
384,518,E,E,True
384,2050,B,B,True
384,2601,A,D,False
384,2778,E,E,True
385,960,C,C,True
385,2259,A,B,False
387,1225,E,D,False
387,3565,E,E,True
388,110,D,D,True
388,1523,A,A,True
388,3079,B,B,True
388,3706,E,B,False
389,2414,B,C,False
389,3399,A,C,False
389,3532,B,E,False
390,2430,B,C,False
391,3593,D,B,False
392,1930,A,A,True
392,2450,A,B,False
393,1575,B,A,False
393,3488,A,A,True
393,3694,B,B,True
394,770,E,E,True
394,909,C,C,True
394,3463,B,B,True
395,2245,A,A,True
395,3031,D,C,False
397,880,E,E,True
399,1527,C,D,False
399,2128,E,C,False
399,3005,E,E,True
399,3653,A,A,True
400,1584,E,E,True
400,3882,A,B,False
401,1294,D,D,True
401,2992,E,E,True
401,3374,D,D,True
401,3539,D,D,True
401,3621,A,A,True
402,2781,C,C,True
403,1399,C,C,True
404,1464,E,E,True
404,3866,B,E,False
406,2949,B,B,True
407,622,E,B,False
407,2935,A,A,True
407,3977,A,C,False
408,2917,D,B,False
410,597,E,E,True
410,2532,D,D,True
411,400,C,C,True
411,2702,E,A,False
411,3000,C,C,True
411,3704,B,B,True
412,176,A,A,True
412,2647,E,E,True
412,3818,D,D,True
413,1880,D,E,False
413,2281,D,D,True
414,1034,C,B,False
414,1207,C,C,True
414,3849,B,E,False
414,3850,D,D,True
415,1683,B,B,True
415,2785,B,D,False
415,2905,D,D,True
415,3078,E,E,True
415,3995,D,A,False
416,3985,D,D,True
417,1853,D,B,False
417,3566,A,B,False
417,3922,A,A,True
418,2548,E,E,True
419,4000,C,D,False
421,2649,E,E,True
422,1965,A,A,True
422,3570,C,C,True
422,3758,E,B,False
423,3708,E,E,True
424,2267,C,E,False
425,1916,C,C,True
426,2397,D,D,True
426,3554,E,E,True
427,3807,C,C,True
428,2856,A,A,True
430,3756,D,D,True
431,1357,B,C,False
431,2278,B,A,False
431,2321,D,D,True
431,3893,C,E,False
432,1970,D,D,True
432,3046,C,C,True
432,3576,E,E,True
433,1470,C,A,False
433,2907,B,D,False
434,3347,C,D,False
434,4265,A,A,True
434,4303,B,B,True
436,637,B,E,False
436,2025,E,B,False
436,2161,D,D,True
437,11,A,E,False
437,687,D,E,False
437,4086,D,A,False
437,4360,B,B,True
438,153,C,D,False
438,2371,A,E,False
438,2642,D,E,False
438,2812,B,B,True
438,2913,E,B,False
438,3843,B,B,True
438,4137,A,A,True
438,4200,E,A,False
439,3287,D,D,True
439,4033,B,B,True
440,950,A,A,True
440,3238,C,C,True
441,3901,B,E,False
442,2193,D,A,False
442,2253,C,C,True
442,2931,B,B,True
443,868,B,E,False
443,1113,B,B,True
443,2615,C,C,True
444,2201,A,A,True
445,2508,A,A,True
445,3248,B,C,False
446,539,E,E,True
446,3192,B,B,True
447,3538,B,B,True
449,3034,A,A,True
449,3524,A,A,True
450,2928,A,A,True
450,3222,B,B,True
450,3373,C,E,False
450,4402,E,B,False
451,3549,C,A,False
451,3888,E,A,False
452,614,A,D,False
452,1921,C,C,True
452,3874,C,C,True
452,4400,C,C,True
454,3016,E,C,False
454,4562,A,A,True
455,3199,B,B,True
455,3216,A,D,False
455,4568,C,B,False
456,3149,D,D,True
456,3550,C,B,False
456,3631,C,E,False
458,1717,B,B,True
459,2980,B,C,False
460,1111,C,C,True
460,1288,E,E,True
460,4458,A,A,True
460,4532,B,E,False
460,4643,D,D,True
461,4446,B,D,False
462,1117,A,A,True
462,2988,A,A,True
462,4076,B,E,False
463,3959,D,D,True
463,4183,C,B,False
464,1769,C,C,True
464,4481,A,E,False
464,4550,E,B,False
465,3191,B,B,True
465,3510,D,D,True
465,3693,B,B,True
466,704,C,C,True
466,3217,A,A,True
467,4665,E,E,True
468,4164,C,B,False
468,4673,D,A,False
470,723,C,C,True
470,951,E,B,False
470,1831,E,E,True
470,3583,A,E,False
471,3089,D,A,False
471,4105,D,D,True
471,4438,A,A,True
472,101,B,D,False
472,192,E,E,True
472,1883,A,A,True
472,3134,D,D,True
472,4018,D,D,True
472,4073,A,A,True
472,4174,C,C,True
473,2801,C,A,False
473,4508,E,E,True
473,4524,C,C,True
474,2277,B,B,True
474,2352,C,A,False
474,3551,E,E,True
474,4386,C,C,True
474,4485,D,E,False
475,2068,E,B,False
475,3525,E,B,False
475,4142,C,C,True
475,4520,C,E,False
475,4722,D,D,True
476,2624,A,D,False
476,4153,E,E,True
476,4654,B,A,False
477,76,E,E,True
477,2613,D,D,True
477,3771,C,C,True
477,4119,E,C,False
477,4131,E,E,True
478,3996,E,E,True
478,4207,A,A,True
478,4682,C,C,True
479,3114,A,A,True
479,3673,B,C,False
479,4373,A,A,True
479,4769,B,B,True
480,4272,E,E,True
481,2531,C,D,False
481,3701,A,A,True
482,3607,A,A,True
482,4431,B,B,True
482,4587,D,D,True
484,4718,C,C,True
484,4838,E,E,True
485,2650,D,D,True
485,4237,B,B,True
485,4510,E,A,False
485,4668,B,B,True
486,2286,D,D,True
486,3280,D,D,True
486,3831,D,E,False
486,4899,D,A,False
487,4391,B,B,True
487,4768,E,E,True
488,793,B,B,True
488,3556,B,B,True
488,4277,E,A,False
488,4385,E,B,False
488,4410,B,B,True
488,4580,B,C,False
488,4721,D,D,True
488,4892,D,D,True
489,319,C,B,False
489,993,B,E,False
489,3413,E,E,True
489,4570,B,B,True
490,3997,C,C,True
490,4792,E,E,True
490,4871,C,C,True
491,220,E,E,True
491,370,A,A,True
491,2901,A,D,False
491,4814,B,A,False
492,4190,A,B,False
492,4846,E,E,True
492,4902,D,A,False
493,4670,C,C,True
493,4709,A,C,False
493,4728,B,D,False
493,4796,B,B,True
494,2429,A,A,True
494,2971,B,E,False
495,681,D,D,True
495,4054,E,A,False
495,4903,E,E,True
496,4074,E,E,True
496,4991,C,C,True
497,1650,E,E,True
497,4004,C,C,True
497,4754,E,B,False
497,4856,A,A,True
497,4966,D,D,True
497,4967,B,B,True
497,4988,C,C,True
498,649,E,E,True
498,3100,B,B,True
498,3643,D,D,True
498,4350,D,D,True
498,4628,B,A,False
498,4829,C,C,True
498,4859,A,A,True
499,1491,A,A,True
499,2412,A,E,False
499,3713,A,A,True
499,4414,D,C,False
499,4922,B,B,True
499,4995,B,B,True
499,4997,D,D,True
499,5007,B,B,True
500,3225,E,E,True
500,4477,C,C,True
500,4657,A,A,True
500,4900,E,E,True
500,4923,E,E,True
500,5009,C,C,True
500,5025,B,B,True
